lymphatics,block_of_affere,defect_in_node,changes_in_node,changes_in_stru,exclusion_of_no,no_of_nodes_in,class
4,2,2,4,8,2,2,3
3,2,2,3,4,2,2,2
3,2,3,4,8,2,7,3
3,1,4,4,4,2,6,3
3,1,4,3,5,2,1,2
2,1,3,3,6,2,4,2
2,2,2,3,8,1,1,2
3,2,2,2,1,1,1,2
2,2,2,2,8,2,5,3
2,1,3,3,5,1,2,3
2,2,4,3,5,2,3,2
4,2,4,3,8,2,2,2
4,2,2,2,3,1,1,2
4,1,2,4,7,2,2,3
3,2,2,2,8,2,4,4
2,2,3,3,5,2,2,2
3,2,3,3,2,2,3,2
2,2,2,3,5,2,2,2
3,1,2,3,2,2,1,2
2,2,3,3,2,1,1,2
3,1,4,2,4,2,3,3
4,1,3,4,5,2,4,3
4,2,4,3,4,2,2,2
3,2,2,2,5,1,1,2
3,1,2,2,8,2,8,3
3,1,3,3,8,2,2,3
4,1,4,2,4,2,4,3
4,1,4,4,8,2,1,3
4,2,2,3,3,2,1,2
3,1,4,2,8,2,1,3
4,2,3,3,7,2,3,3
2,1,3,3,8,2,3,3
2,1,2,2,8,1,1,2
2,2,2,3,3,1,1,2
2,2,3,3,8,2,2,2
3,1,4,2,5,2,4,4
3,1,4,2,4,2,6,3
2,1,2,3,4,2,2,3
2,1,2,1,7,2,2,3
2,1,3,3,3,2,1,3
2,2,2,2,4,2,6,3
3,2,3,3,4,2,2,2
4,2,3,3,2,2,3,2
3,2,4,2,4,2,7,4
2,1,2,2,8,2,1,3
3,2,3,3,8,2,1,2
4,1,4,2,8,2,1,2
3,2,3,3,5,2,2,2
2,2,4,3,8,2,2,2
2,1,2,2,3,2,1,2
3,2,2,4,8,2,3,3
2,2,4,3,4,1,1,2
2,2,3,3,4,2,1,2
4,1,3,3,3,1,1,3
2,1,4,2,8,2,4,3
4,2,2,3,2,2,4,2
4,2,4,4,7,2,8,3
4,1,2,4,7,2,7,3
3,2,2,3,4,2,1,2
3,1,4,4,2,2,3,3
4,2,2,3,2,1,1,2
2,2,3,3,5,2,1,2
4,1,3,4,5,2,7,3
2,1,4,4,5,2,5,3
3,2,4,3,4,2,3,2
2,1,2,3,3,1,1,3
2,1,2,2,6,2,6,3
3,2,3,3,4,2,1,2
3,1,2,2,5,2,2,3
4,2,3,3,3,2,3,2
3,1,3,4,5,2,3,3
2,1,2,2,3,1,1,3
4,2,4,3,8,2,3,2
4,2,2,3,3,2,2,2
3,1,3,3,5,1,1,2
1,1,1,1,1,1,1,1
2,2,3,4,8,2,2,3
4,2,3,3,4,1,1,2
2,1,2,2,8,2,5,3
2,2,4,4,5,2,5,3
4,1,4,2,5,2,2,3
2,2,4,2,8,2,1,2
2,2,2,3,8,2,1,2
2,2,4,2,8,2,2,3
3,1,2,2,8,1,1,2
4,2,2,1,3,2,2,3
3,2,3,4,2,1,1,2
2,1,2,3,3,2,1,2
2,1,4,4,4,2,5,3
2,1,4,2,8,2,3,3
3,2,3,3,3,1,2,2
2,2,2,2,4,1,2,2
3,2,3,3,5,1,1,2
3,2,4,3,4,2,2,2
2,2,3,3,2,2,2,2
2,1,2,2,4,1,2,2
3,2,4,3,2,2,3,2
4,1,2,2,4,2,2,2
2,2,4,2,7,2,5,3
2,2,4,4,8,2,7,3
3,2,4,2,4,1,1,2
2,1,3,3,8,1,1,2
4,1,4,3,3,2,5,3
2,1,2,2,8,2,2,3
3,1,4,4,2,1,1,3
3,1,4,3,8,2,1,3
4,1,2,4,3,1,1,3
4,2,3,3,8,2,2,2
2,1,2,2,4,2,5,3
4,2,4,2,5,2,3,3
2,1,4,3,8,2,2,2
2,1,2,3,8,2,1,2
2,2,4,3,8,2,3,2
3,1,3,3,4,2,2,2
4,2,3,3,5,2,1,2
3,1,2,2,4,2,7,3
2,2,3,3,3,2,1,2
2,1,2,4,8,2,2,3
2,2,4,2,8,2,4,2
4,2,4,4,7,2,6,3
4,1,4,2,8,2,6,3
2,2,4,4,5,2,1,2
3,2,3,3,4,2,7,2
1,1,1,1,2,1,2,1
2,1,2,2,4,2,6,3
3,1,2,1,5,1,7,4
2,2,3,3,2,2,1,2
2,1,4,4,8,2,2,3
3,2,4,3,5,2,4,3
2,1,1,1,3,2,1,2
2,2,3,3,8,2,4,3
2,1,4,2,2,2,1,2
2,2,4,3,4,2,6,2
