block_of_affere,early_uptake_in,lym_nodes_enlar,defect_in_node,changes_in_node,changes_in_stru,no_of_nodes_in,class
2,2,2,2,4,8,2,3
2,2,3,2,3,4,2,2
2,2,4,3,4,8,7,3
1,2,3,4,4,4,6,3
1,1,2,4,3,5,1,2
1,2,3,3,3,6,4,2
2,2,2,2,3,8,1,2
2,2,2,2,2,1,1,2
2,2,3,2,2,8,5,3
1,2,2,3,3,5,2,3
2,2,3,4,3,5,3,2
2,1,3,4,3,8,2,2
2,2,2,2,2,3,1,2
1,2,4,2,4,7,2,3
2,2,1,2,2,8,4,4
2,2,2,3,3,5,2,2
2,2,2,3,3,2,3,2
2,1,2,2,3,5,2,2
1,2,2,2,3,2,1,2
2,2,3,3,3,2,1,2
1,2,2,4,2,4,3,3
1,2,3,3,4,5,4,3
2,2,4,4,3,4,2,2
2,2,2,2,2,5,1,2
1,2,1,2,2,8,8,3
1,1,3,3,3,8,2,3
1,2,3,4,2,4,4,3
1,2,3,4,4,8,1,3
2,2,2,2,3,3,1,2
1,1,2,4,2,8,1,3
2,2,4,3,3,7,3,3
1,2,3,3,3,8,3,3
1,1,2,2,2,8,1,2
2,1,1,2,3,3,1,2
2,2,3,4,3,4,2,2
2,2,3,3,3,8,2,2
1,1,1,4,2,5,4,4
1,2,4,4,2,4,6,3
1,2,3,2,3,4,2,3
1,2,2,2,1,7,2,3
1,2,2,3,3,3,1,3
2,2,4,2,2,4,6,3
2,1,3,3,3,4,2,2
2,2,3,3,3,2,3,2
2,1,2,4,2,4,7,4
1,2,2,2,2,8,1,3
2,2,2,3,3,8,1,2
1,1,1,4,2,8,1,2
2,1,2,3,3,5,2,2
2,2,2,4,3,8,2,2
1,1,1,2,2,3,1,2
2,2,2,2,4,8,3,3
2,1,3,4,3,4,1,2
2,1,2,3,3,4,1,2
1,2,3,4,2,8,4,3
2,2,2,2,3,2,4,2
2,2,4,4,4,7,8,3
1,2,4,2,4,7,7,3
2,2,3,2,3,4,1,2
1,2,4,4,4,2,3,3
2,1,2,2,3,2,1,2
2,1,2,3,3,5,1,2
1,2,3,3,4,5,7,3
1,2,4,4,4,5,5,3
2,1,3,4,3,4,3,2
1,1,2,2,3,3,1,3
1,2,3,2,2,6,6,3
2,2,3,3,3,4,1,2
1,1,2,2,2,5,2,3
2,1,1,3,3,3,3,2
1,2,4,3,4,5,3,3
1,1,2,2,2,3,1,3
2,2,3,4,3,8,3,2
2,2,2,2,3,3,2,2
1,2,2,3,3,5,1,2
1,1,1,1,1,1,1,1
2,2,3,2,4,8,3,3
2,2,3,3,4,8,2,3
2,1,4,3,3,4,1,2
1,2,3,2,2,8,5,3
2,2,3,4,4,5,5,3
1,2,4,4,2,5,2,3
2,1,2,4,2,8,1,2
2,2,2,3,3,5,1,2
2,2,3,4,2,8,2,3
1,2,3,2,2,8,1,2
2,2,1,2,1,3,2,3
2,1,2,2,3,3,1,2
2,2,2,3,4,2,1,2
1,1,1,2,3,3,1,2
1,2,3,4,4,4,5,3
1,2,2,4,2,8,3,3
2,1,2,3,3,3,2,2
2,2,2,2,2,4,2,2
2,1,2,4,3,4,2,2
1,2,3,4,2,8,3,3
2,2,2,3,3,2,2,2
1,2,2,2,2,4,2,2
2,1,2,4,3,2,3,2
1,2,3,2,2,4,2,2
2,2,4,4,2,7,5,3
2,2,4,4,4,8,7,3
2,1,2,4,2,4,1,2
1,1,2,3,3,8,1,2
1,2,4,4,3,3,5,3
1,2,2,2,2,8,2,3
1,2,2,4,4,2,1,3
1,2,2,4,3,8,1,3
1,2,3,2,4,3,1,3
2,2,2,3,3,8,2,2
1,2,3,2,2,4,5,3
2,2,3,4,2,5,3,3
1,1,1,4,3,8,2,2
1,1,2,2,3,8,1,2
2,1,2,4,3,8,3,2
1,1,2,3,3,4,2,2
1,2,4,2,2,4,7,3
2,2,3,3,3,3,1,2
2,2,2,3,3,4,1,2
1,2,2,2,4,8,2,3
2,2,4,4,2,8,4,2
2,2,4,4,4,7,6,3
1,2,4,4,2,8,6,3
2,2,2,4,4,5,1,2
2,2,2,3,3,4,7,2
1,2,2,1,1,2,2,1
1,2,3,2,2,4,6,3
2,1,2,3,3,3,1,2
1,1,1,2,1,5,7,4
2,1,2,3,3,2,1,2
1,2,2,4,4,8,2,3
2,2,2,4,3,5,4,3
1,1,1,1,1,3,1,2
2,2,3,3,3,8,4,3
1,2,2,4,2,2,1,2
2,2,3,4,3,4,6,2
